{
	"class_name": "PinholeCameraParameters",
	"extrinsic": [
		0.96411827864381971,
		-0.070685111892382607,
		-0.25588974137631931,
		0.0,
		0.18213138852358307,
		-0.52516072337337438,
		0.83128477186847716,
		0.0,
		-0.19314269879897056,
		-0.84806239722246601,
		-0.49344307505317631,
		0.0,
		0.47385481718666322,
		-0.12460827690718279,
		14.300657350763585,
		1.0
	],
	"intrinsic": {
		"height": 720,
		"intrinsic_matrix": [
			623.53829072479584,
			0.0,
			0.0,
			0.0,
			623.53829072479584,
			0.0,
			639.5,
			359.5,
			1.0
		],
		"width": 1280
	},
	"version_major": 1,
	"version_minor": 0
}