{
	"class_name" : "PinholeCameraParameters",
	"extrinsic" : 
	[
		0.93803029524764303,
		0.019950493510509842,
		0.34597852968978682,
		0.0,
		-0.34200076639645438,
		-0.10799691643420584,
		0.93347316074161513,
		0.0,
		0.055987864594547992,
		-0.99395102688683334,
		-0.09448129533803129,
		0.0,
		0.93161270174710764,
		8.4366325512689215,
		58.301763199671271,
		1.0
	],
	"intrinsic" : 
	{
		"height" : 720,
		"intrinsic_matrix" : 
		[
			623.53829072479584,
			0.0,
			0.0,
			0.0,
			623.53829072479584,
			0.0,
			639.5,
			359.5,
			1.0
		],
		"width" : 1280
	},
	"version_major" : 1,
	"version_minor" : 0
}