{
	"class_name" : "PinholeCameraParameters",
	"extrinsic" : 
	[
		0.99233080979426203,
		0.050360625868191101,
		0.11288654169221619,
		0.0,
		-0.10566958707606244,
		-0.12823557512590972,
		0.9860981572030757,
		0.0,
		0.064136590962093121,
		-0.99046425712101871,
		-0.12193052556874309,
		0.0,
		0.41175251515233713,
		7.2501800391342197,
		41.972173625293699,
		1.0
	],
	"intrinsic" : 
	{
		"height" : 720,
		"intrinsic_matrix" : 
		[
			623.53829072479584,
			0.0,
			0.0,
			0.0,
			623.53829072479584,
			0.0,
			639.5,
			359.5,
			1.0
		],
		"width" : 1280
	},
	"version_major" : 1,
	"version_minor" : 0
}