{
	"class_name" : "PinholeCameraParameters",
	"extrinsic" : 
	[
		0.99061766916575278,
		0.12615512512117966,
		-0.052550146929108463,
		0.0,
		0.089230805457374218,
		-0.30582581438804257,
		0.94789684808597119,
		0.0,
		0.10351085399145163,
		-0.94369245819787617,
		-0.31421337884693951,
		0.0,
		-9.0105650152019479,
		8.7693984846558095,
		66.666246605153006,
		1.0
	],
	"intrinsic" : 
	{
		"height" : 720,
		"intrinsic_matrix" : 
		[
			623.53829072479584,
			0.0,
			0.0,
			0.0,
			623.53829072479584,
			0.0,
			639.5,
			359.5,
			1.0
		],
		"width" : 1280
	},
	"version_major" : 1,
	"version_minor" : 0
}