{
	"class_name" : "PinholeCameraParameters",
	"extrinsic" : 
	[
		0.85861387864339467,
		-0.51257365495432383,
		-0.0071032139001880774,
		0.0,
		-0.51127380284744273,
		-0.85727667611614744,
		0.060628368847962161,
		0.0,
		-0.037165924216414077,
		-0.048424671749183183,
		-0.99813513375851259,
		0.0,
		-3.3552246112719599,
		10.390973636664757,
		45.736896300178032,
		1.0
	],
	"intrinsic" : 
	{
		"height" : 720,
		"intrinsic_matrix" : 
		[
			623.53829072479584,
			0.0,
			0.0,
			0.0,
			623.53829072479584,
			0.0,
			639.5,
			359.5,
			1.0
		],
		"width" : 1280
	},
	"version_major" : 1,
	"version_minor" : 0
}