{
	"class_name" : "PinholeCameraParameters",
	"extrinsic" : 
	[
		-0.047319148169012573,
		0.91812102561858977,
		0.39346496735240344,
		0.0,
		0.88511388753629516,
		-0.14402851971827432,
		0.44252592195051077,
		0.0,
		0.46296253013278077,
		0.36920125653203234,
		-0.80582636334896773,
		0.0,
		-24.954819694625396,
		-9.8004421983403418,
		71.780943183866782,
		1.0
	],
	"intrinsic" : 
	{
		"height" : 720,
		"intrinsic_matrix" : 
		[
			623.53829072479584,
			0.0,
			0.0,
			0.0,
			623.53829072479584,
			0.0,
			639.5,
			359.5,
			1.0
		],
		"width" : 1280
	},
	"version_major" : 1,
	"version_minor" : 0
}