{
	"class_name" : "PinholeCameraParameters",
	"extrinsic" : 
	[
		0.64499766975005446,
		0.093484530237241056,
		-0.7584448883230227,
		0.0,
		0.76227562689214767,
		-0.0085997580374790033,
		0.64719542087987636,
		0.0,
		0.053980317368307974,
		-0.99558359105000283,
		-0.076807802785899118,
		0.0,
		-10.934792240763858,
		8.1043786422089674,
		48.827872937120659,
		1.0
	],
	"intrinsic" : 
	{
		"height" : 720,
		"intrinsic_matrix" : 
		[
			623.53829072479584,
			0.0,
			0.0,
			0.0,
			623.53829072479584,
			0.0,
			639.5,
			359.5,
			1.0
		],
		"width" : 1280
	},
	"version_major" : 1,
	"version_minor" : 0
}