{
	"class_name" : "PinholeCameraParameters",
	"extrinsic" : 
	[
		0.22974554183149418,
		0.22529794280638885,
		-0.9468145663094556,
		0.0,
		0.97182902732763143,
		-0.10567017834119027,
		0.21067072661566233,
		0.0,
		-0.052586382761921027,
		-0.96854253927050116,
		-0.24322833299487653,
		0.0,
		-2.3857499987696094,
		4.7223272042962616,
		56.621870820952722,
		1.0
	],
	"intrinsic" : 
	{
		"height" : 720,
		"intrinsic_matrix" : 
		[
			623.53829072479584,
			0.0,
			0.0,
			0.0,
			623.53829072479584,
			0.0,
			639.5,
			359.5,
			1.0
		],
		"width" : 1280
	},
	"version_major" : 1,
	"version_minor" : 0
}